<?xml version="1.0" encoding="utf-8" ?>
<extension type="module" version="3.x" client="site" method="upgrade">
<name>Modalvuegallery</name>
<author>Kian William Nowrouzian</author>
<creationDate>June 29, 2018</creationDate>
<copyright>Copyright© 2018 Kian William Nowrouzian</copyright>
<license>GNU General Public License version 3 ; see COPYING.txt</license>
<authorEmail>mezmer121@gmail.com</authorEmail>
<authorUrl>http://www.extensions.lord121.ir</authorUrl>
<version>1.0.0</version>
<description><![CDATA[<div style="background:#e71e9e; width:300px;font-weight:bold; font-style:normal; color:#fcfafb;">Welcome to Modalvue Gallery . Enjoy! </div>]]></description>
<updateservers>
		<server type="extension" name="modalvuegallery update" priority="1">http://www.extensions.lord121.ir/myextensions.xml</server>
</updateservers>
<files>
	<filename>mod_modalvuegallery.xml</filename>
	<filename module="mod_modalvuegallery">mod_modalvuegallery.php</filename>
	<filename>helper.php</filename>
	<filename>index.html</filename>
		<filename>readme.txt</filename>
	<filename>COPYING.txt</filename>

	<filename>tmpl/default.php</filename>
	<filename>tmpl/index.html</filename>
	<filename>css/mystyles.css</filename>
	<filename>css/index.html</filename>
	<filename>js/vue.js</filename>
	<filename>js/tablegallery.js</filename>
	<filename>js/index.html</filename>
	<folder>images</folder>
	<folder>assets</folder>
</files>
<config>
<fields name="params" addfieldpath="modules/mod_modalvuegallery/assets">
	<fieldset name="basic" >
	 <field name="imagefolder" type="text" label="Image Folder Name:(use media to create a folder at this name and place your images in it)" description="" 	class="validate-imagefolder" />
		<field
					name="imagedetails"
					type="mtextarea"
					label="Input details of images in your folder image in the order of image files in your image folder and place | in between,  the number of images must be equal with the number of explanations!"
					description="Follow the sample under the textarea!"
					default="example.com en-GB | exmaple2.com fr-FR"
					class="validate-details"
		/>
		<field name="containerw" type="text" label="Container Width:" description="MOD_MODALVUEGALLERY_CONTAINERWIDTH_DESC" filter="integer" />
		<field name="imgw" type="text" label="Image Width:" description="MOD_MODALVUEGALLERY_IMAGEWIDTH_DESC" filter="integer" />
		<field name="imgh" type="text" label="Image Height:" description="MOD_MODALVUEGALLERY_IMAGEHEIGHT_DESC" filter="integer" />	
		<field name="modalimgw" type="text" label="Modal Image Width:" description="MOD_MODALVUEGALLERY_MODALIMAGEWIDTH_DESC" filter="integer" />
		<field name="modalimgh" type="text" label="Modal Image Height:" description="MOD_MODALVUEGALLERY_MODALIMAGEHEIGHT_DESC" filter="integer" />	
		<field name="modalcontainerw" type="text" label="Modal Container Width:" description="MOD_MODALVUEGALLERY_MODALCONTAINERWIDTH_DESC" filter="integer" />
		<field name="lib" type="list" label="Add Library:" description="MOD_MODALVUEGALLERY_LIB_DESC" default="1">
			<option value="0">No</option>
			<option value="1">Yes</option>
	    </field>		
	<field name="containerbakcol" type="mycolor" label="Container Backcolor:" description="MOD_MODALVUEGALLERY_CONTAINERBAKCOL_DESC" default="#7AB7F5" />
	<field name="modaltxtcol" type="mycolor" label="Text Color:" description="MOD_MODALVUEGALLERY_MODALTXTCOL_DESC" default="#7AB7F5" />
	<field name="modalbakcol" type="mycolor" label="Modal Backcolor:" description="MOD_MODALVUEGALLERY_MODALBAKCOL_DESC" default="#7AB7F5" />
	<field name="modalbuttsbakcol" type="mycolor" label="Modal Button BackColor:" description="MOD_MODALVUEGALLERY_MODALBUTTSBAKCOL_DESC" default="#7AB7F5" />
	<field name="modalbuttstxtcol" type="mycolor" label="Modal Button Text Color:" description="MOD_MODALVUEGALLERY_MODALBUTTSTXTCOL_DESC" default="#7AB7F5" />
	<field name="modalbordercol" type="mycolor" label="Modal Border Color:" description="MOD_MODALVUEGALLERY_MODALBORDERCOL_DESC" default="#7AB7F5" />
	<field name="modalimgbordercol" type="mycolor" label="Modal Image Border Color:" description="MOD_MODALVUEGALLERY_MODALIMGBORDERCOL_DESC" default="#7AB7F5" />
	<field name="modalfontfamily" type="text" label="Font Family:" description="MOD_MODALVUEGALLERY_FONTFAMILY_DESC" filter="raw" default="arial" />
	<field name="modalfontsize" type="text" label="Font Size:(add no px, em, ...)" description="MOD_MODALVUEGALLERY_FONTSIZE_DESC" filter="FLOAT" default="1.3" />
	<field name="modalfontstyle" type="text" label="Font Style:" description="MOD_MODALVUEGALLERY_FONTSTYLE_DESC" filter="raw" default="normal" />
	<field name="modalfontweight" type="text" label="Font Weight:" description="MOD_MODALVUEGALLERY_FONTWEIGHT_DESC" filter="raw" default="bold" />
	<field name="modalimgbordersize" type="text" label="Image Border Size:" description="MOD_MODALVUEGALLERY_IMGBORDERSIZE_DESC" filter="INT" default="1" />
	<field name="modalimgborderradius" type="text" label="Image Border Radius:" description="MOD_MODALVUEGALLERY_IMGBORDERRADIUS_DESC" filter="INT" default="0" />
	<field name="modalbordersize" type="text" label="Border Size:" description="MOD_MODALVUEGALLERY_BORDERSIZE_DESC" filter="INT" default="0" />
	<field name="modalborderradius" type="text" label="Border Radius:" description="MOD_MODALVUEGALLERY_BORDERRADIUS_DESC" filter="INT" default="0" />
	</fieldset>
	
</fields>
</config>
</extension>